<?xml version="1.0" encoding="utf-8"?>
<ApplicationInstallerManifest>
   <DefaultInstallationDirectory>/Applications/Tel_Aviv_University/chlamy_sequence_optimizer/</DefaultInstallationDirectory>
   <ApplicationName>chlamy_sequence_optimizer</ApplicationName>
   <ExecutableName>application/chlamy_sequence_optimizer.exe</ExecutableName>
   <GUID>b951324c-e253-41e0-bf83-bb582284b505</GUID>
   <ApplicationIcon>default_icon_48.png</ApplicationIcon>
   <Logo>default_logo.png</Logo>
   <Version>1.0</Version>
   <InstallationNotes>In the following directions, replace MR by the directory where MATLAB or the MATLAB Runtime is installed on the target machine.

If the environment variable DYLD_LIBRARY_PATH is undefined, set it to the following string:

MR/v93/runtime/maci64:MR/v93/sys/os/maci64:MR/v93/bin/maci64

If it is defined, set it to the following:

${DYLD_LIBRARY_PATH}:MR/v93/runtime/maci64:MR/v93/sys/os/maci64:MR/v93/bin/maci64</InstallationNotes>
   <AuthorOrganization>Tel Aviv University</AuthorOrganization>
   <Summary>Coding Sequence optimization for Chlamydomonas reinhardtii</Summary>
   <WelcomePanelText>chlamy_sequence_optimizer 1.0
Coding Sequence optimization for Chlamydomonas reinhardtii

This program provides an implementation for carrying out the sequence optimization described in: 
'Enhancing Heterologous Expression in C. reinhardtii by Transcript Sequence Optimization' 
Weiner et al., The Plant Journal, 2018 
This is a standalone application for optimizing DNA sequences meant for achieving high expression in Chlamydomonas reinhardtii (the MATLAB source code is available too). 
The fascinating Chlamydomonas picture used as this app's logo was taken by Gerd Guenther: 
(https://www.allposters.com/-st/Gerd-Guenther-Posters_c180530_.htm)

Iddo Weiner
iddo.nadav@gmail.com</WelcomePanelText>
   <MCRProducts>
      <MCRProduct>
         <ExternalProductIdentifier>35000</ExternalProductIdentifier>
      </MCRProduct>
      <MCRProduct>
         <ExternalProductIdentifier>35010</ExternalProductIdentifier>
      </MCRProduct>
   </MCRProducts>
</ApplicationInstallerManifest>